<?xml version="1.0"?>

<extension>
	<name>PLUGIN_LOCALPLAYER</name>
	<module>Plugins::LocalPlayer::Plugin</module>
	<version>1.6</version>
	<defaultState>enabled</defaultState>
	<description>PLUGIN_LOCALPLAYER_DESC</description>
	<creator>Triode</creator>
	<email>triode1@btinternet.com</email>
	<optionsURL>plugins/LocalPlayer/settings/basic.html</optionsURL>
	<targetApplication>
		<id>SlimServer</id>
		<minVersion>7.5</minVersion>
        <maxVersion>*.*</maxVersion>
	</targetApplication>
</extension>
